file,line,widget,type,scope,prop
editor/EHR/tarzanAxisSandbox.py,565,curve_canvas,Canvas,editor_ehr_tarzanaxissandbox,state
editor/EHR/tarzanAxisSandbox.py,573,step_canvas,Canvas,editor_ehr_tarzanaxissandbox,state
editor/EHR/tarzanEhrUi.py,727,canvas,Canvas,editor_ehr_tarzanehrui,state
editor/EHR/tarzanEhrUi.py,794,save_button,Button,editor_ehr_tarzanehrui,text
editor/EHR/tarzanEhrUi.py,952,protocol_holder,Frame,editor_ehr_tarzanehrui,state
editor/EHR/tarzanEhrUi.py,956,protocol_canvas,Canvas,editor_ehr_tarzanehrui,state
editor/EHR/tarzanEhrUi.py,967,row_frame,Frame,editor_ehr_tarzanehrui,state
editor/EHR/tarzanEhrUi.py,1512,curve_canvas,Canvas,editor_ehr_tarzanehrui,state
editor/EHR/tarzanEhrUi.py,1520,step_canvas,Canvas,editor_ehr_tarzanehrui,state
editor/EHR/tarzanEhrUi.py,2587,take_panel,Frame,editor_ehr_tarzanehrui,state
editor/EHR/tarzanEhrUi.py,2600,left,Frame,editor_ehr_tarzanehrui,state
editor/EHR/tarzanEhrUi.py,2608,timeline_canvas,Canvas,editor_ehr_tarzanehrui,state
editor/EHR/tarzanEhrUi.py,2617,status,Label,editor_ehr_tarzanehrui,text
editor/EHR/tarzanEhrUi.py,2625,selected_point_time_label,Label,editor_ehr_tarzanehrui,text
editor/EHR/tarzanEhrUi.py,2636,axis_info_label,Label,editor_ehr_tarzanehrui,text
editor/EHR/tarzanEhrUi.py,2641,protocol_label,Label,editor_ehr_tarzanehrui,text
editor/EHR/tarzanEhrUi.py,2645,protocol_box,Frame,editor_ehr_tarzanehrui,state
editor/EHR/tarzanEhrUi.py,2647,protocol_text,Text,editor_ehr_tarzanehrui,text
editor/PAR/tarzanNextionPreview.py,165,page_label,Label,editor_par_tarzannextionpreview,text
editor/PAR/tarzanNextionPreview.py,168,screen_frame,Frame,editor_par_tarzannextionpreview,state
editor/PAR/tarzanNextionPreview.py,171,screen_canvas,Canvas,editor_par_tarzannextionpreview,state
editor/PAR/tarzanNextionPreview.py,186,status,Label,editor_par_tarzannextionpreview,text
editor/PAR/tarzanParApp.py,466,header,Frame,editor_par_tarzanparapp,state
editor/PAR/tarzanParApp.py,468,body,Frame,editor_par_tarzanparapp,state
editor/PAR/tarzanParApp.py,470,footer,Frame,editor_par_tarzanparapp,state
editor/PAR/tarzanParApp.py,474,mode_label,Label,editor_par_tarzanparapp,text
editor/PAR/tarzanParApp.py,490,layout_master,Frame,editor_par_tarzanparapp,state
editor/PAR/tarzanParApp.py,493,left,Frame,editor_par_tarzanparapp,state
editor/PAR/tarzanParApp.py,494,top,Frame,editor_par_tarzanparapp,state
editor/PAR/tarzanParApp.py,495,middle_top,Frame,editor_par_tarzanparapp,state
editor/PAR/tarzanParApp.py,496,middle_bottom,Frame,editor_par_tarzanparapp,state
editor/PAR/tarzanParApp.py,497,bottom,Frame,editor_par_tarzanparapp,state
editor/PAR/tarzanParApp.py,498,right,Frame,editor_par_tarzanparapp,state
editor/PAR/tarzanParApp.py,506,clock,Label,editor_par_tarzanparapp,text
editor/PAR/tarzanParPanels.py,1242,timeline_canvas,Canvas,editor_par_tarzanparpanels,state
editor/PAR/tarzanParPanels.py,1738,log_text,Text,editor_par_tarzanparpanels,text
editor/PAR/tarzanParPanels_old.py,447,log_text,Text,editor_par_tarzanparpanels_old,text
editor/PAR/tarzanParWidgets.py,103,body,Frame,editor_par_tarzanparwidgets,state
editor/PAR/tarzanParWidgets.py,220,counter_label,Label,editor_par_tarzanparwidgets,text
editor/PAR/tarzanParWidgets.py,224,motor_canvas,Canvas,editor_par_tarzanparwidgets,state
editor/TarzanEhrTakeSandbox.py,521,canvas,Canvas,editor_tarzanehrtakesandbox,state
editor/TarzanEhrTakeSandbox.py,583,save_button,Button,editor_tarzanehrtakesandbox,text
editor/TarzanEhrTakeSandbox.py,708,protocol_holder,Frame,editor_tarzanehrtakesandbox,state
editor/TarzanEhrTakeSandbox.py,712,protocol_canvas,Canvas,editor_tarzanehrtakesandbox,state
editor/TarzanEhrTakeSandbox.py,724,row_frame,Frame,editor_tarzanehrtakesandbox,state
editor/TarzanEhrTakeSandbox.py,727,controls_wrap,Frame,editor_tarzanehrtakesandbox,state
editor/TarzanTakeProtocolLight.py,822,canvas,Canvas,editor_tarzantakeprotocollight,state
editor/TarzanTakeProtocolLight.py,905,save_button,Button,editor_tarzantakeprotocollight,text
editor/TarzanTakeProtocolLight.py,1111,protocol_holder,Frame,editor_tarzantakeprotocollight,state
editor/TarzanTakeProtocolLight.py,1115,protocol_canvas,Canvas,editor_tarzantakeprotocollight,state
editor/TarzanTakeProtocolLight.py,1134,row_frame,Frame,editor_tarzantakeprotocollight,state
editor/editor/EHR/tarzanAxisSandbox.py,564,curve_canvas,Canvas,editor_editor_ehr_tarzanaxissandbox,state
editor/editor/EHR/tarzanAxisSandbox.py,572,step_canvas,Canvas,editor_editor_ehr_tarzanaxissandbox,state
editor/editor/EHR/tarzanEhrUi.py,679,canvas,Canvas,editor_editor_ehr_tarzanehrui,state
editor/editor/EHR/tarzanEhrUi.py,746,save_button,Button,editor_editor_ehr_tarzanehrui,text
editor/editor/EHR/tarzanEhrUi.py,904,protocol_holder,Frame,editor_editor_ehr_tarzanehrui,state
editor/editor/EHR/tarzanEhrUi.py,908,protocol_canvas,Canvas,editor_editor_ehr_tarzanehrui,state
editor/editor/EHR/tarzanEhrUi.py,919,row_frame,Frame,editor_editor_ehr_tarzanehrui,state
editor/editor/EHR/tarzanEhrUi.py,1450,curve_canvas,Canvas,editor_editor_ehr_tarzanehrui,state
editor/editor/EHR/tarzanEhrUi.py,1458,step_canvas,Canvas,editor_editor_ehr_tarzanehrui,state
editor/editor/EHR/tarzanEhrUi.py,2241,take_panel,Frame,editor_editor_ehr_tarzanehrui,state
editor/editor/EHR/tarzanEhrUi.py,2254,left,Frame,editor_editor_ehr_tarzanehrui,state
editor/editor/EHR/tarzanEhrUi.py,2262,timeline_canvas,Canvas,editor_editor_ehr_tarzanehrui,state
editor/editor/EHR/tarzanEhrUi.py,2271,status,Label,editor_editor_ehr_tarzanehrui,text
editor/editor/EHR/tarzanEhrUi.py,2278,axis_info_label,Label,editor_editor_ehr_tarzanehrui,text
editor/editor/EHR/tarzanEhrUi.py,2283,protocol_label,Label,editor_editor_ehr_tarzanehrui,text
editor/editor/EHR/tarzanEhrUi.py,2287,protocol_box,Frame,editor_editor_ehr_tarzanehrui,state
editor/editor/EHR/tarzanEhrUi.py,2289,protocol_text,Text,editor_editor_ehr_tarzanehrui,text
editor/editor/TarzanEhrTakeSandbox.py,521,canvas,Canvas,editor_editor_tarzanehrtakesandbox,state
editor/editor/TarzanEhrTakeSandbox.py,583,save_button,Button,editor_editor_tarzanehrtakesandbox,text
editor/editor/TarzanEhrTakeSandbox.py,708,protocol_holder,Frame,editor_editor_tarzanehrtakesandbox,state
editor/editor/TarzanEhrTakeSandbox.py,712,protocol_canvas,Canvas,editor_editor_tarzanehrtakesandbox,state
editor/editor/TarzanEhrTakeSandbox.py,724,row_frame,Frame,editor_editor_tarzanehrtakesandbox,state
editor/editor/TarzanEhrTakeSandbox.py,727,controls_wrap,Frame,editor_editor_tarzanehrtakesandbox,state
editor/editor/TarzanTakeProtocolLight.py,822,canvas,Canvas,editor_editor_tarzantakeprotocollight,state
editor/editor/TarzanTakeProtocolLight.py,905,save_button,Button,editor_editor_tarzantakeprotocollight,text
editor/editor/TarzanTakeProtocolLight.py,1111,protocol_holder,Frame,editor_editor_tarzantakeprotocollight,state
editor/editor/TarzanTakeProtocolLight.py,1115,protocol_canvas,Canvas,editor_editor_tarzantakeprotocollight,state
editor/editor/TarzanTakeProtocolLight.py,1134,row_frame,Frame,editor_editor_tarzantakeprotocollight,state
editor/editor/tarzanAxisSandbox.py,564,curve_canvas,Canvas,editor_editor_tarzanaxissandbox,state
editor/editor/tarzanAxisSandbox.py,572,step_canvas,Canvas,editor_editor_tarzanaxissandbox,state
editor/tarzanAxisSandbox.py,564,curve_canvas,Canvas,editor_tarzanaxissandbox,state
editor/tarzanAxisSandbox.py,572,step_canvas,Canvas,editor_tarzanaxissandbox,state
editor/tarzanKHR.py,259,preview_canvas,Canvas,editor_tarzankhr,state
editor/tarzanKHR.py,262,status,Label,editor_tarzankhr,text
editor/tarzanKHR.py,777,profile_box,Combobox,editor_tarzankhr,text
editor/tarzanKHR.py,782,plugin_box,Combobox,editor_tarzankhr,text
editor/tarzanKHR.py,793,btn_start,Button,editor_tarzankhr,text
editor/tarzanKHR.py,795,btn_stop,Button,editor_tarzankhr,text
editor/tarzanKHR.py,810,input_canvas,Canvas,editor_tarzankhr,state
editor/tarzanKHR.py,813,khr_canvas,Canvas,editor_tarzankhr,state
editor/tarzanKHR.py,815,output_canvas,Canvas,editor_tarzankhr,state
editor/tarzanKHR.py,821,profile_desc,Label,editor_tarzankhr,text
hardware/tarzanNextion/tarzanNextionSandbox.py,122,log,Text,hardware_tarzannextion_tarzannextionsandbox,text
mechanics/tarzanEdytorChoreografiiRuchu.py,95,global_canvas,Canvas,mechanics_tarzanedytorchoreografiiruchu,state
mechanics/tarzanEdytorChoreografiiRuchu.py,102,scroll_canvas,Canvas,mechanics_tarzanedytorchoreografiiruchu,state
mechanics/tarzanEdytorChoreografiiRuchu.py,109,tracks_frame,Frame,mechanics_tarzanedytorchoreografiiruchu,state
mechanics/tarzanPanelOsi.py,27,row1,Frame,mechanics_tarzanpanelosi,state
mechanics/tarzanPanelOsi.py,30,row2,Frame,mechanics_tarzanpanelosi,state
mechanics/tarzanPanelOsi.py,33,row3,Frame,mechanics_tarzanpanelosi,state
mechanics/tarzanWykresOsi.py,311,limit_panel,Frame,mechanics_tarzanwykresosi,state
mechanics/tarzanWykresOsi.py,315,limit_canvas,Canvas,mechanics_tarzanwykresosi,state
mechanics/tarzanWykresOsi.py,321,title,Label,mechanics_tarzanwykresosi,text
mechanics/tarzanWykresOsi.py,332,meta_label,Label,mechanics_tarzanwykresosi,text
mechanics/tarzanWykresOsi.py,343,canvas,Canvas,mechanics_tarzanwykresosi,state
modes/editor/EHR/tarzanAxisSandbox.py,565,curve_canvas,Canvas,modes_editor_ehr_tarzanaxissandbox,state
modes/editor/EHR/tarzanAxisSandbox.py,573,step_canvas,Canvas,modes_editor_ehr_tarzanaxissandbox,state
modes/editor/EHR/tarzanEhrUi.py,727,canvas,Canvas,modes_editor_ehr_tarzanehrui,state
modes/editor/EHR/tarzanEhrUi.py,794,save_button,Button,modes_editor_ehr_tarzanehrui,text
modes/editor/EHR/tarzanEhrUi.py,952,protocol_holder,Frame,modes_editor_ehr_tarzanehrui,state
modes/editor/EHR/tarzanEhrUi.py,956,protocol_canvas,Canvas,modes_editor_ehr_tarzanehrui,state
modes/editor/EHR/tarzanEhrUi.py,967,row_frame,Frame,modes_editor_ehr_tarzanehrui,state
modes/editor/EHR/tarzanEhrUi.py,1512,curve_canvas,Canvas,modes_editor_ehr_tarzanehrui,state
modes/editor/EHR/tarzanEhrUi.py,1520,step_canvas,Canvas,modes_editor_ehr_tarzanehrui,state
modes/editor/EHR/tarzanEhrUi.py,2587,take_panel,Frame,modes_editor_ehr_tarzanehrui,state
modes/editor/EHR/tarzanEhrUi.py,2600,left,Frame,modes_editor_ehr_tarzanehrui,state
modes/editor/EHR/tarzanEhrUi.py,2608,timeline_canvas,Canvas,modes_editor_ehr_tarzanehrui,state
modes/editor/EHR/tarzanEhrUi.py,2617,status,Label,modes_editor_ehr_tarzanehrui,text
modes/editor/EHR/tarzanEhrUi.py,2625,selected_point_time_label,Label,modes_editor_ehr_tarzanehrui,text
modes/editor/EHR/tarzanEhrUi.py,2636,axis_info_label,Label,modes_editor_ehr_tarzanehrui,text
modes/editor/EHR/tarzanEhrUi.py,2641,protocol_label,Label,modes_editor_ehr_tarzanehrui,text
modes/editor/EHR/tarzanEhrUi.py,2645,protocol_box,Frame,modes_editor_ehr_tarzanehrui,state
modes/editor/EHR/tarzanEhrUi.py,2647,protocol_text,Text,modes_editor_ehr_tarzanehrui,text
modes/editor/PAR/tarzanNextionPreview.py,165,page_label,Label,modes_editor_par_tarzannextionpreview,text
modes/editor/PAR/tarzanNextionPreview.py,168,screen_frame,Frame,modes_editor_par_tarzannextionpreview,state
modes/editor/PAR/tarzanNextionPreview.py,171,screen_canvas,Canvas,modes_editor_par_tarzannextionpreview,state
modes/editor/PAR/tarzanNextionPreview.py,186,status,Label,modes_editor_par_tarzannextionpreview,text
modes/editor/PAR/tarzanParApp.py,466,header,Frame,modes_editor_par_tarzanparapp,state
modes/editor/PAR/tarzanParApp.py,468,body,Frame,modes_editor_par_tarzanparapp,state
modes/editor/PAR/tarzanParApp.py,470,footer,Frame,modes_editor_par_tarzanparapp,state
modes/editor/PAR/tarzanParApp.py,474,mode_label,Label,modes_editor_par_tarzanparapp,text
modes/editor/PAR/tarzanParApp.py,490,layout_master,Frame,modes_editor_par_tarzanparapp,state
modes/editor/PAR/tarzanParApp.py,493,left,Frame,modes_editor_par_tarzanparapp,state
modes/editor/PAR/tarzanParApp.py,494,top,Frame,modes_editor_par_tarzanparapp,state
modes/editor/PAR/tarzanParApp.py,495,middle_top,Frame,modes_editor_par_tarzanparapp,state
modes/editor/PAR/tarzanParApp.py,496,middle_bottom,Frame,modes_editor_par_tarzanparapp,state
modes/editor/PAR/tarzanParApp.py,497,bottom,Frame,modes_editor_par_tarzanparapp,state
modes/editor/PAR/tarzanParApp.py,498,right,Frame,modes_editor_par_tarzanparapp,state
modes/editor/PAR/tarzanParApp.py,506,clock,Label,modes_editor_par_tarzanparapp,text
modes/editor/PAR/tarzanParPanels.py,1242,timeline_canvas,Canvas,modes_editor_par_tarzanparpanels,state
modes/editor/PAR/tarzanParPanels.py,1738,log_text,Text,modes_editor_par_tarzanparpanels,text
modes/editor/PAR/tarzanParPanels_old.py,447,log_text,Text,modes_editor_par_tarzanparpanels_old,text
modes/editor/PAR/tarzanParWidgets.py,103,body,Frame,modes_editor_par_tarzanparwidgets,state
modes/editor/PAR/tarzanParWidgets.py,220,counter_label,Label,modes_editor_par_tarzanparwidgets,text
modes/editor/PAR/tarzanParWidgets.py,224,motor_canvas,Canvas,modes_editor_par_tarzanparwidgets,state
modes/editor/TarzanEhrTakeSandbox.py,521,canvas,Canvas,modes_editor_tarzanehrtakesandbox,state
modes/editor/TarzanEhrTakeSandbox.py,583,save_button,Button,modes_editor_tarzanehrtakesandbox,text
modes/editor/TarzanEhrTakeSandbox.py,708,protocol_holder,Frame,modes_editor_tarzanehrtakesandbox,state
modes/editor/TarzanEhrTakeSandbox.py,712,protocol_canvas,Canvas,modes_editor_tarzanehrtakesandbox,state
modes/editor/TarzanEhrTakeSandbox.py,724,row_frame,Frame,modes_editor_tarzanehrtakesandbox,state
modes/editor/TarzanEhrTakeSandbox.py,727,controls_wrap,Frame,modes_editor_tarzanehrtakesandbox,state
modes/editor/TarzanTakeProtocolLight.py,822,canvas,Canvas,modes_editor_tarzantakeprotocollight,state
modes/editor/TarzanTakeProtocolLight.py,905,save_button,Button,modes_editor_tarzantakeprotocollight,text
modes/editor/TarzanTakeProtocolLight.py,1111,protocol_holder,Frame,modes_editor_tarzantakeprotocollight,state
modes/editor/TarzanTakeProtocolLight.py,1115,protocol_canvas,Canvas,modes_editor_tarzantakeprotocollight,state
modes/editor/TarzanTakeProtocolLight.py,1134,row_frame,Frame,modes_editor_tarzantakeprotocollight,state
modes/editor/editor/EHR/tarzanAxisSandbox.py,564,curve_canvas,Canvas,modes_editor_editor_ehr_tarzanaxissandbox,state
modes/editor/editor/EHR/tarzanAxisSandbox.py,572,step_canvas,Canvas,modes_editor_editor_ehr_tarzanaxissandbox,state
modes/editor/editor/EHR/tarzanEhrUi.py,679,canvas,Canvas,modes_editor_editor_ehr_tarzanehrui,state
modes/editor/editor/EHR/tarzanEhrUi.py,746,save_button,Button,modes_editor_editor_ehr_tarzanehrui,text
modes/editor/editor/EHR/tarzanEhrUi.py,904,protocol_holder,Frame,modes_editor_editor_ehr_tarzanehrui,state
modes/editor/editor/EHR/tarzanEhrUi.py,908,protocol_canvas,Canvas,modes_editor_editor_ehr_tarzanehrui,state
modes/editor/editor/EHR/tarzanEhrUi.py,919,row_frame,Frame,modes_editor_editor_ehr_tarzanehrui,state
modes/editor/editor/EHR/tarzanEhrUi.py,1450,curve_canvas,Canvas,modes_editor_editor_ehr_tarzanehrui,state
modes/editor/editor/EHR/tarzanEhrUi.py,1458,step_canvas,Canvas,modes_editor_editor_ehr_tarzanehrui,state
modes/editor/editor/EHR/tarzanEhrUi.py,2241,take_panel,Frame,modes_editor_editor_ehr_tarzanehrui,state
modes/editor/editor/EHR/tarzanEhrUi.py,2254,left,Frame,modes_editor_editor_ehr_tarzanehrui,state
modes/editor/editor/EHR/tarzanEhrUi.py,2262,timeline_canvas,Canvas,modes_editor_editor_ehr_tarzanehrui,state
modes/editor/editor/EHR/tarzanEhrUi.py,2271,status,Label,modes_editor_editor_ehr_tarzanehrui,text
modes/editor/editor/EHR/tarzanEhrUi.py,2278,axis_info_label,Label,modes_editor_editor_ehr_tarzanehrui,text
modes/editor/editor/EHR/tarzanEhrUi.py,2283,protocol_label,Label,modes_editor_editor_ehr_tarzanehrui,text
modes/editor/editor/EHR/tarzanEhrUi.py,2287,protocol_box,Frame,modes_editor_editor_ehr_tarzanehrui,state
modes/editor/editor/EHR/tarzanEhrUi.py,2289,protocol_text,Text,modes_editor_editor_ehr_tarzanehrui,text
modes/editor/editor/TarzanEhrTakeSandbox.py,521,canvas,Canvas,modes_editor_editor_tarzanehrtakesandbox,state
modes/editor/editor/TarzanEhrTakeSandbox.py,583,save_button,Button,modes_editor_editor_tarzanehrtakesandbox,text
modes/editor/editor/TarzanEhrTakeSandbox.py,708,protocol_holder,Frame,modes_editor_editor_tarzanehrtakesandbox,state
modes/editor/editor/TarzanEhrTakeSandbox.py,712,protocol_canvas,Canvas,modes_editor_editor_tarzanehrtakesandbox,state
modes/editor/editor/TarzanEhrTakeSandbox.py,724,row_frame,Frame,modes_editor_editor_tarzanehrtakesandbox,state
modes/editor/editor/TarzanEhrTakeSandbox.py,727,controls_wrap,Frame,modes_editor_editor_tarzanehrtakesandbox,state
modes/editor/editor/TarzanTakeProtocolLight.py,822,canvas,Canvas,modes_editor_editor_tarzantakeprotocollight,state
modes/editor/editor/TarzanTakeProtocolLight.py,905,save_button,Button,modes_editor_editor_tarzantakeprotocollight,text
modes/editor/editor/TarzanTakeProtocolLight.py,1111,protocol_holder,Frame,modes_editor_editor_tarzantakeprotocollight,state
modes/editor/editor/TarzanTakeProtocolLight.py,1115,protocol_canvas,Canvas,modes_editor_editor_tarzantakeprotocollight,state
modes/editor/editor/TarzanTakeProtocolLight.py,1134,row_frame,Frame,modes_editor_editor_tarzantakeprotocollight,state
modes/editor/editor/tarzanAxisSandbox.py,564,curve_canvas,Canvas,modes_editor_editor_tarzanaxissandbox,state
modes/editor/editor/tarzanAxisSandbox.py,572,step_canvas,Canvas,modes_editor_editor_tarzanaxissandbox,state
modes/editor/tarzanAxisSandbox.py,564,curve_canvas,Canvas,modes_editor_tarzanaxissandbox,state
modes/editor/tarzanAxisSandbox.py,572,step_canvas,Canvas,modes_editor_tarzanaxissandbox,state
modes/editor/tarzanKHR.py,259,preview_canvas,Canvas,modes_editor_tarzankhr,state
modes/editor/tarzanKHR.py,262,status,Label,modes_editor_tarzankhr,text
modes/editor/tarzanKHR.py,777,profile_box,Combobox,modes_editor_tarzankhr,text
modes/editor/tarzanKHR.py,782,plugin_box,Combobox,modes_editor_tarzankhr,text
modes/editor/tarzanKHR.py,793,btn_start,Button,modes_editor_tarzankhr,text
modes/editor/tarzanKHR.py,795,btn_stop,Button,modes_editor_tarzankhr,text
modes/editor/tarzanKHR.py,810,input_canvas,Canvas,modes_editor_tarzankhr,state
modes/editor/tarzanKHR.py,813,khr_canvas,Canvas,modes_editor_tarzankhr,state
modes/editor/tarzanKHR.py,815,output_canvas,Canvas,modes_editor_tarzankhr,state
modes/editor/tarzanKHR.py,821,profile_desc,Label,modes_editor_tarzankhr,text
modes/hardware/tarzanNextion/tarzanNextionSandbox.py,122,log,Text,modes_hardware_tarzannextion_tarzannextionsandbox,text
vision/tarzanVisionSetup.py,247,content,Frame,vision_tarzanvisionsetup,state
